{
    "products":[
        {
            "foto" : "img/foto1.jpeg",
            "naam" : "Chevrolet",
            "prijs" : "&euro;49 000",
            "beschrijving" : "Zeer mooie auto, altijd goed onderhouden.",
            "id" : 0
        },
        {
            "foto" : "img/foto2.jpeg",
            "naam" : "Dodge",
            "prijs" : "&euro;60 000",
            "beschrijving" : "Amerikaanse oldtimer in zeer goede staat.",
            "id" : 1
        },
        {
            "foto" : "img/foto3.jpeg",
            "naam" : "BMW M5 Supercharged",
            "prijs" : "&euro;70 000",
            "beschrijving" : "Supercharged BMW M5 FULL OPTION.",
            "id" : 2
        },
        {
            "foto" : "img/foto4.jpeg",
            "naam" : "AUDI R8",
            "prijs" : "&euro;80 000",
            "beschrijving" : "Het is een productieversie van de Audi Le Mans quattro conceptauto die in 2003 werd gepresenteerd.", 
            "id" : 3
        }

    ]
}